{
    "USR001": {
        "left_eye": [
            [
                0.29272526502609253,
                0.43238696455955505,
                0.07362446188926697
            ],
            [
                0.40471482276916504,
                0.42748844623565674,
                0.046389561146497726
            ]
        ],
        "right_eye": [
            [
                0.5589337348937988,
                0.4203687310218811,
                0.03690994903445244
            ],
            [
                0.6793094873428345,
                0.4151948094367981,
                0.0528206005692482
            ]
        ],
        "nose": [
            [
                0.4896854758262634,
                0.48196858167648315,
                -0.14018318057060242
            ],
            [
                0.494087815284729,
                0.49552470445632935,
                -0.08042186498641968
            ],
            [
                0.4166564345359802,
                0.4971635043621063,
                -0.04172856733202934
            ]
        ],
        "mouth": [
            [
                0.3802323639392853,
                0.5334748029708862,
                -0.0031070683617144823
            ],
            [
                0.6328945755958557,
                0.5295655131340027,
                -0.01593952067196369
            ]
        ]
    },
    "USR002": {
        "left_eye": [
            [
                0.3835263252258301,
                0.32166898250579834,
                0.027526021003723145
            ],
            [
                0.4574105441570282,
                0.3266375660896301,
                0.014090138487517834
            ]
        ],
        "right_eye": [
            [
                0.5466378331184387,
                0.3286449909210205,
                0.014783559367060661
            ],
            [
                0.6198299527168274,
                0.32473450899124146,
                0.02905214950442314
            ]
        ],
        "nose": [
            [
                0.5015977025032043,
                0.40161970257759094,
                -0.09096711128950119
            ],
            [
                0.501380205154419,
                0.4123660922050476,
                -0.048386771231889725
            ],
            [
                0.4483646750450134,
                0.40525537729263306,
                -0.026195194572210312
            ]
        ],
        "mouth": [
            [
                0.4186096787452698,
                0.4456828534603119,
                0.012916646897792816
            ],
            [
                0.584972620010376,
                0.4458142817020416,
                0.013386962004005909
            ]
        ]
    },
    "USR003": {
        "left_eye": [
            [
                0.34679359197616577,
                0.33046531677246094,
                0.028734929859638214
            ],
            [
                0.42920491099357605,
                0.33569350838661194,
                0.008448965847492218
            ]
        ],
        "right_eye": [
            [
                0.53602534532547,
                0.3353998064994812,
                0.0012980353785678744
            ],
            [
                0.622490406036377,
                0.329363614320755,
                0.0129361841827631
            ]
        ],
        "nose": [
            [
                0.4772217273712158,
                0.41929396986961365,
                -0.10240918397903442
            ],
            [
                0.4796472191810608,
                0.4288769066333771,
                -0.05098217353224754
            ],
            [
                0.4264197051525116,
                0.4201919436454773,
                -0.024621155112981796
            ]
        ],
        "mouth": [
            [
                0.39452701807022095,
                0.45528143644332886,
                0.03113836981356144
            ],
            [
                0.581993579864502,
                0.460792601108551,
                0.02016081102192402
            ]
        ]
    },
    "USR004": {
        "left_eye": [
            [
                0.38720691204071045,
                0.3210133910179138,
                0.02397608757019043
            ],
            [
                0.46019163727760315,
                0.32380211353302,
                0.010385066270828247
            ]
        ],
        "right_eye": [
            [
                0.5514867305755615,
                0.3238469064235687,
                0.011028903536498547
            ],
            [
                0.6200977563858032,
                0.322105348110199,
                0.025172384455800056
            ]
        ],
        "nose": [
            [
                0.5023475885391235,
                0.4018569588661194,
                -0.08486882597208023
            ],
            [
                0.5018442869186401,
                0.4110925793647766,
                -0.044973231852054596
            ],
            [
                0.4526062607765198,
                0.4012041389942169,
                -0.024657104164361954
            ]
        ],
        "mouth": [
            [
                0.4261583685874939,
                0.4325117766857147,
                0.015686262398958206
            ],
            [
                0.58251953125,
                0.4352853298187256,
                0.01607944257557392
            ]
        ]
    },
    "USR005": {
        "left_eye": [
            [
                0.3774346113204956,
                0.3359687626361847,
                0.022146502509713173
            ],
            [
                0.4534686207771301,
                0.3393235504627228,
                0.007662971504032612
            ]
        ],
        "right_eye": [
            [
                0.5476771593093872,
                0.33954039216041565,
                0.007886400446295738
            ],
            [
                0.6238884329795837,
                0.33749252557754517,
                0.022871525958180428
            ]
        ],
        "nose": [
            [
                0.5028197765350342,
                0.4095538854598999,
                -0.08827503770589828
            ],
            [
                0.5023048520088196,
                0.4208449721336365,
                -0.04514510929584503
            ],
            [
                0.45501917600631714,
                0.41630616784095764,
                -0.024208424612879753
            ]
        ],
        "mouth": [
            [
                0.43364906311035156,
                0.4603344202041626,
                0.01279404852539301
            ],
            [
                0.5722450613975525,
                0.46428874135017395,
                0.014059496112167835
            ]
        ]
    },
    "USR006": {
        "left_eye": [
            [
                0.34710150957107544,
                0.46272996068000793,
                0.0406104177236557
            ],
            [
                0.46497657895088196,
                0.46977686882019043,
                0.019798913970589638
            ]
        ],
        "right_eye": [
            [
                0.6007847189903259,
                0.47425442934036255,
                0.021610921248793602
            ],
            [
                0.7179582118988037,
                0.4743231534957886,
                0.04413002356886864
            ]
        ],